keep_agree,r_diff,haiku_r,sonnet_r,haiku_s,sonnet_s,your_r,your_note,lang,country,source,title_en,title,id
N,4,8,4,7,3,,,nl,BE,HLN (via Google News),"Trump wants to lower high fuel prices and lets Americans fill up with tax-free red diesel: ""Apparently it's very good""",Trump pakt hoge brandstofprijzen aan en laat Amerikanen belastingvrije rode diesel tanken: “Het schijnt heel goed te zijn”,8ed23fc8c927babf5812c2ad00a5febb290e6a0c
N,4,6,2,4,3,,,el,EL,ERT (ertnews),Trump will award Musk the National Medal of Science,Ο Τραμπ θα βραβεύσει τον Μασκ με το Εθνικό Μετάλλιο Επιστήμης,1b36476afd2afc8705b06a74fb6078822e349830
N,3,7,4,7,6,,,en,DE,"Deutsche Welle (EN, all)","Saudi Arabia, Pakistan, Turkey: could the Mecca defense pact become a game changer in the war against the Houthis in Yemen?","Saudi Arabia, Pakistan, Turkey: Could the Mecca defense pact become a game changer in the war against the Houthis in Yemen?",b44b0818927944a8bfc4304bd33a689f48c3ec26
N,-3,3,6,3,5,,,sv,SE,SVT Nyheter (via Google News),The eviction ended in new elections in Spain – now Maricarmen has died,Vräkningen slutade med nyval i Spanien – nu är Maricarmen död,66b1b19d8b8a27645b3d197792791d73a67d65a6
N,2,7,5,6,5,,,pt,PT,Jornal de Negócios (via Google News),"Paramount and Warner merger, and 4 other things you need to know before starting the day",Fusão da Paramount e Warner e 4 outras coisas que precisa de saber antes de começar o dia,88dea70fd21f40ee979737b4c33ae33151ab36b7
N,2,7,5,5,3,,,hu,HU,Portfolio.hu (via Google News),Are household government bonds at risk of losing their tax exemption? The Finance Ministry has responded.,Veszélyben a lakossági állampapírok adómentessége? - Megszólalt a Pénzügyminisztérium,1ddcb0ff5b238ca3738ff7bbe600b017cadc27dd
N,2,7,5,4,3,,,sk,SK,Aktuality (via Google News),Interior Minister Matúš Šutaj Eštok said police salaries will rise by an average of 350 euros next year.,"Matúš Šutaj Eštok vyhlásil, že policajtom v budúcom roku vzrastú platy v priemere o 350 eur",be0ef1bbebcfeda65e9c64888a1838267f3a795c
N,2,6,4,6,5,,,nl,NL,NOS (via Google News),"Saudi Arabia: dead and injured in Houthi attack, launch platform destroyed.","Saudi-Arabië: doden en gewonden door aanval Houthi's, lanceerplatform vernietigd",c5905ad0bf3a7e97e14ce5c9947cdf5521059af9
N,2,6,4,4,3,,,lv,LV,LSM (LV),Latgale is getting older: poverty and care risks are rising,"Latgale kļūst vecāka: pieaug gan nabadzības, gan aprūpes riski",e1fcee982c48807032ed06ee917ca937452f871f
N,2,7,5,6,4,,,en,GB,BBC News,Premier League football shirts made by workers paid £1 an hour,Premier League football shirts made by workers on £1 an hour,47ee00c67a878c6bcbbf706930d7a2537eb2d6fa
N,2,6,4,5,3,,,pt,PT,Correio da Manhã (via Google News),"Maricarmen, the woman who became a symbol against the housing crisis in Spain, has died","Morreu Maricarmen, a mulher que se transformou num símbolo contra a crise na habitação em Espanha",dda3d011eb6e5b08a38255c2608fbd3f7f09caa4
N,2,6,4,5,3,,,fr,BE,7sur7.be (via Google News),"Diesel prices fall at the pump, heating oil rises again","Le prix du diesel en baisse à la pompe, le mazout repart à la hausse",3bcc0f16c825cfe6969041caa3ad012e19e42e1c
N,2,6,4,4,3,,,hr,HR,HRT vijesti,Ministry encourages settlement in rural areas,Ministarstvo potiče naseljavanje u ruralnim područjima,5155d1bc3e6aa70018a079033381d76a238ca277
N,2,7,5,5,3,,,lt,LT,vz.lt (via Google News),"A. Romanovskis: Lithuania had no migration policy, still doesn't, and it doesn't look like it will","A. Romanovskis: Lietuva neturėjo migracijos politikos, neturi jos ir nepanašu, kad turės",179ed20fbef203a38b1b7406ac1dbbf01c3dca7e
N,-2,4,6,3,4,,,it,IT,Quirinale (via Google News),Statement by President Mattarella on the third anniversary of the October 7 attacks,Dichiarazione del Presidente Mattarella in occasione della terza ricorrenza degli attacchi del 7 ottobre,ad01cb1687c4b8ad75cc3cb82bc183ffdcbcf4b1
N,-2,4,6,3,5,,,cs,CZ,Ceska televize (CT24),"Kosovo's parliament elects a new president, economics professor Pulaj","Kosovský parlament zvolil novou prezidentku, bude jí profesorka ekonomie Pulaová",de7ffd7102d2415de7c82a09294a9cb9068f9974
N,2,6,4,5,3,,,de,AT,ORF news,A possible plague death becomes a political issue in Germany,Möglicher Pesttod wird zum Politikum,f32888e663fedabc3e94bc5c9a00c73e69f11d10
N,1,6,5,4,3,,,hu,HU,Index.hu (via Google News),"Economy - Dávid Vitézy's team signed the M6 motorway contract, saving the state 105 billion forints.","Gazdaság - Vitézy Dávidék aláírták az M6-os szerződését, 105 milliárd forintot spórolt az állam",d815f57884136750a7ba98cefee9e3b84322eca6
N,1,6,5,5,4,,,nl,BE,VRT NWS (NL),"Trump wants to ban the term 'artificial intelligence': anyone who doesn't talk about 'superintelligence' is an ""enemy.""","Trump wil term 'artificiële intelligentie' bannen: wie niet spreekt over 'superintelligentie' is ""vijand""",ba0055caaaa7eea912758814b3cc3306dd052899
N,1,6,5,5,3,,,nl,BE,VRT NWS (NL),"Mills in Flemish Brabant, East and West Flanders in 10-day mourning over Flemish government cuts","Molens in Vlaams-Brabant, Oost- en West-Vlaanderen 10 dagen in rouwstand tegen besparingen Vlaamse regering",cdc8ccc036b922aea58e24b0d6942310b2860764
N,1,6,5,5,4,,,pt,PT,Jornal de Negócios (via Google News),CGA says 'error' caused pensions over 100% of salary; pensioners will have to repay money,CGA diz que “erro” gerou pensões de mais de 100% do salário. Pensionistas terão de repor dinheiro,ba772ec952683e6701089dde14e5c2a08c78b8fb
N,1,6,5,4,3,,,de,DE,Spiegel (via Google News),NRW SPD proposes state stake in Evonik,NRW-SPD schlägt Landesbeteiligung an Evonik vor,25ff8548d0143299842bebe360c333b3807fdcec
N,-1,5,6,4,3,,,en,EU,EEA — Publications,European bathing water quality in 2025,European bathing water quality in 2025,938a440ea12ae746b3041cd83121a034352c3516
N,1,6,5,5,4,,,el,EL,LiFO (via Google News),Attack in Elefsina: police say the perpetrators are far-right and the victim is an antifascist,"Επίθεση στην Ελευσίνα: «Ακροδεξιοί οι δράστες, αντιφασίστας το θύμα» λέει η ΕΛ.ΑΣ.",fd055c52df2e0e3a9e5912e5414add4330160e9d
N,1,6,5,4,3,,,cs,CZ,Novinky (via Google News),Growth in Czech industry has slowed,Tempo růstu českého průmyslu zpomalilo,d983409dd0dd627331af08d99b36a43828e2ed02
N,1,6,5,5,3,,,bg,BG,BNT,Council of Ministers meeting: the cabinet discusses the national security report,Заседание на Министерския съвет: Кабинетът обсъжда доклада за националната сигурност,ec35ed1a5df2c96597bc4a33f847f27b8827507d
N,1,6,5,5,4,,,pl,PL,Business Insider Polska (via Google News),"Sejm passes anti-alcohol law: ""The end of promotions like 6+6""",Sejm przyjmuje ustawę antyalkoholową. „To koniec promocji typu 6+6”,cb4f809bc90cc55247e7e36fc45a3335f2048a47
N,1,6,5,2,2,,,en,CY,Philenews (via Google News),Italy and Cyprus will hold a maritime business forum in Limassol.,Italy and Cyprus to hold maritime business forum in Limassol,8b299eb5d3b03cc0be2322a808cdaa87e7cea8e7
N,1,6,5,3,2,,,en,EU,European Commission (via Google News),"Household and non-profit final consumption spending, quarterly data.",[tipsho41] Final consumption expenditure of households and non-profit institutions serving households - quarterly data,5c25b2dfcea3ed63dd7bf127768203889f391041
N,-1,5,6,4,4,,,en,CY,Philenews (via Google News),ECDC warns of rare risk of mosquito-borne viruses spreading through blood transfusions,ECDC flags rare risk of mosquito viruses via transfusions,ee0607eb827f71986f66e93b1e80c8ecbe80b7a0
N,-1,5,6,2,3,,,en,EU,European Commission (via Google News),Who teaches in EU schools?,Who teaches in the EU’s schools?,97f9a8b45b3de7fa15ef611e9e7e73cabea1cf8d
N,1,6,5,4,3,,,pt,PT,Público (via Google News),Book suggests Ventura's possible conflict of interest in the investigation into Luís Neves,Livre quer parecer sobre possível conflito de interesses de Ventura no inquérito a Luís Neves,ee93ffa9c9a26cb7404310d63f39b2322b7a3c1e
N,1,6,5,4,4,,,it,IT,Corriere del Veneto (via Google News),Islamic 'tribunal' in Padua: prosecutors open a file; Muslim communities say no to parallel justice and urge their members not to use it,"«Tribunale» islamico a Padova, la procura apre un fascicolo. Le comunità musulmane: «No a giustizia parallela, i nostri fedeli non lo usino»",1dc5f4331d14de3f61e73ae99dd0d52aca1cbe8d
N,1,6,5,5,3,,,el,EL,ertnews.gr (via Google News),Amendment on heating oil submitted in Greece; prices to be announced on October 14,Κατατέθηκε η τροπολογία για το πετρέλαιο θέρμανσης – Στις 14 Οκτωβρίου οι ανακοινώσεις για την τιμή,774a553822eb9efa731e66b470990093fadf4a8b
Y,4,5,1,4,3,,,sv,SE,Sveriges Radio (Ekot),Pentagon: Will the execution of Nidal Hasan be broadcast live?,Pentagon: Ska livesända avrättningen av Nidal Hasan,0bceb811a60f5144bcaecb7c266f6e86869dba43
Y,-3,2,5,5,6,,,es,ES,EL PAÍS (via Google News),Here we report the results of the elections in Brazil as they come in,Así le contamos los resultados de las elecciones en Brasil,50392b7866962d9d92d2843e35584a126b4ac444
Y,-3,2,5,3,5,,,pt,PT,Jornal de Notícias (via Google News),"After Figueira da Foz, Sines: police seized four more tonnes of cocaine near the beach","Depois da Figueira da Foz, Sines: GNR apreendeu mais quatro toneladas de cocaína junto à praia",e8eec2daafbf1bf662b86550ef44e5e4505d4978
Y,-3,2,5,2,5,,,sv,SE,Sveriges Radio (Ekot),"The woman evicted in Spain has died, which led to a snap election.",Vräkta kvinnan i Spanien död – ledde till nyval,320a8fdc11eb9d9a45ad45cde952e578a09105f1
Y,3,4,1,3,1,,,sv,SE,Expressen (via Google News),LG is reportedly starting a smart home partnership with Apple.,LG påstås ha inlett ett smarta hem-samarbete med Apple,c51e796870bf88fbbd7ce93b9845ef135abd768b
Y,3,5,2,5,5,,,en,FR,France 24 (EN),"Thousands protest against Flavio Bolsonaro, fearing a return of the far right in Brazil","Thousands protest Flavio Bolsonaro, fearing far-right return in Brazil",486581208f94960c63a8d83305adcbe1ebbb1ac5
Y,3,4,1,3,3,,,en,GB,Sky Sports (via Google News),Cristiano Ronaldo: Portugal star breaks silence over national team walkout in statement,Cristiano Ronaldo: Portugal star breaks silence over national team walkout in statement,19ce95bf7512ba8cf1c3bd70ecc9c2c768cc2e51
Y,3,5,2,3,1,,,et,EE,Ralli.ee (via Google News),Paul Aron could lose his driving license for ignoring military service call-up notices,Paul Aron võib kaitseväe kutsete eiramise tõttu juhiloast ilma jääda,ff30c9433649251cf413cc3c61e46fd425fe366c
Y,2,3,1,4,3,,,ro,RO,Digi24 (via Google News),"Kimberly Guilfoyle is accused of asking a MAGA donor for $100,000 in exchange for support in her relationship with...","Kimberly Guilfoyle, acuzată că a cerut 100.000 $ unui donator MAGA în schimbul sprijinului în relația cu...",c9d2ed1ad963acdee3add608c101164ebe0af5a4
Y,-2,2,4,4,5,,,bg,BG,BNT,Anniversary without hostages: Israel honored the memory of the victims of the Hamas attack.,Годишнина без заложници: Израел почете паметта на жертвите на атаката на Хамас,98d13eb650bf2398d0176fecb39d6f77ad791b2b
Y,-2,1,3,3,4,,,es,ES,La Voz de Galicia (via Google News),"2026 Nobel Prize in Literature goes to Anne Carson for her 'playful dialogue with the classical tradition', the poet who listens to the wind","Nobel de Literatura 2026 para el «diálogo lúdico con la tradición clásica» de Anne Carson, la poeta que escucha el viento",3c6fac7073169a83e18d8b5c4ede4099cb3a11a3
Y,2,5,3,4,3,,,en,GB,BBC (via Google News),How drunk is too drunk? Cornell rape allegations expose 'loopholes' in consent laws,How drunk is too drunk? Cornell rape allegations expose 'loopholes' in consent laws,cd0ed518918913d5bd75a80470672b1d92b567ae
Y,2,3,1,3,1,,,hu,HU,iPon (via Google News),Some functions of the Googlebook platform do not work yet with Intel processors,A GOOGLEBOOK PLATFORM EGYES FUNKCIÓI NEM MŰKÖDNEK MAJD INTEL PROCESSZOROK MELLETT,1e84e670e287f0ac9425dfa20f7ba46b7c5b82d6
Y,2,5,3,4,3,,,el,EL,ERT (ertnews),"Aivazoglou: ""We are moving toward launching the NBA Europe in 2027"" - it will start with 16 teams",Αϊβάζογλου: «Προχωράμε για την έναρξη του NBA Europe το 2027» – Θα ξεκινήσει με 16 ομάδες,d74b8b753dff24d822ad578d2816249d29b0303e
Y,-2,1,3,1,1,,,sk,SK,oPeniazoch.sk (via Google News),"Car show in Nitra: dozens of brands, hot news and dream cars (photos)","Desiatky značiek, horúce novinky aj autá snov: Pozrite sa, čo ponúka autosalón v Nitre! (foto)",0fd57d8304a5968840d1c5b651f12aba5c6eddd8
Y,2,4,2,5,3,,,bg,BG,bTV Новините (via Google News),Second plague case in Russia; 200 people under observation,Втори случай на чума в Русия. 200 души са под наблюдение,b0beb2cb908489eb278504ca2ff9a020c5eaaff2
Y,-2,1,3,2,3,,,sv,SE,Sveriges Radio (Ekot),"Heavy rain causing problems, but it is expected to ease off",Kraftiga regn ställer till det – då väntas det avta,d5c09bab308369482009e599c3a37617a7516364
Y,2,5,3,4,2,,,de,AT,Kronen Zeitung (via Google News),"""The Social Reckoning"": Facebook's dark side",„The Social Reckoning“: Facebooks dunkle Seite,32ff825a308fe8a793b39b28a81dd5d0244bdf68
Y,2,3,1,2,2,,,pl,PL,Sport.pl (via Google News),A flood of comments after Poland qualifies for the Euro; all eyes are on coach Brzęczek.,Fala komentarzy po awansie Polaków na Euro. Wszystkie oczy na Brzęczka,262a7ab22e6bd49cf9a8dd5deca96d2dd0f9b15f
Y,-2,2,4,2,3,,,fr,BE,RTL Info (via Google News),Why Belgium will be plunged into darkness this Saturday evening,Pourquoi la Belgique sera plongée dans le noir ce samedi soir,1d85e8ef72744a2dd522b5148212f6ec22ba17bc
Y,-2,3,5,2,2,,,en,EU,European Parliament (via Google News),A tribute to Anna Politkovskaya | News | European Parliament,A tribute to Anna Politkovskaya | Atualidade | Parlamento Europeu,32ca8b5faff4de1568218ca89c3e9504c03688d3
Y,2,5,3,4,1,,,hu,HU,Startlap (via Google News),The price of extra virgin olive oil in supermarkets from October 7: from Lidl through Aldi to Spar,Az extra szűz olívaolaj ára október 7-től a szupermarketekben: a Lidl-től az Aldin át a Sparig,657fc8cd952f6eacabaa9602eaaecdad8e590938
Y,-2,1,3,0,1,,,et,EE,Saarte Hääl (via Google News),"Friends stage Inge Lööki's songs and don't plan to stop, saying they will keep going as long as their arms and legs move!","""Nii kaua, kui jalad ja käed liiguvad!"" Sõbrannad lavastavad Inge Lööki kaarte ega plaani peatuda",117be1402e7c52b50264ac60a50358330c6f4be3
Y,-2,6,8,6,7,,,bg,BG,БНТ Новини (via Google News),"Drone attack: a ship sank, sailors rescued, institutions on alert after the Black Sea incident (OVERVIEW)","Атаката с дронове: Потопен кораб, спасени моряци, институциите на крак след инцидента в Черно море (ОБЗОР)",53afc57b81c78076c0057685962801b0d2deef52
Y,-2,1,3,1,1,,,nl,NL,De Gelderlander (via Google News),Folk singer Frans Duijts frankly about excessive drinking and relationship problems: 'You bare your soul',Volkszanger Frans Duijts openhartig over overmatig drankgebruik en relatieproblemen: ‘Je legt je ziel open en bloot’,ae0c6813e2e513d15d8685b8b21b3469be860bb7
Y,-2,1,3,2,2,,,fr,FR,Frandroid (via Google News),Oppo Find X10 and Find X10 Pro Max in France: launch date confirmed and pre-orders already open,Oppo Find X10 et Find X10 Pro Max en France : date de lancement officialisée et précommandes déjà ouvertes,38129bbc24685d0d989ac96ce694956a7f20bb45
Y,-2,3,5,3,3,,,hr,HR,HRT vijesti,35 years ago the Banski Dvori were hit by rockets,Prije 35 godina raketirani su Banski dvori,4b55d08a24d0090312d8ca5541f5072ff18071a8
Y,-2,1,3,1,1,,,fi,FI,Yle (via Google News),Police searched for missing siblings in Kirkkonummi – the children have been found,Poliisi etsi Kirkkonummella kadonneita sisaruksia – lapset ovat löytyneet,7fbfe14d59172cacec1713e16eb331051414c267
Y,-2,1,3,1,2,,,da,DK,DR,Unclear when the moose will arrive in Gribskov,Uvist hvornår elgen kommer til Gribskov,d87b64cab0d249ecb43034558fc32ff66a01ffb4
Y,2,8,6,8,4,,,de,DE,ARD Tagesschau,Anniversary of the Hamas attack: Germany's difficult balancing act with Israel,Jahrestag des Hamas-Überfalls: Deutschlands schwieriger Balanceakt mit Israel,25d7ceac967378dbfe38071d24c44e3879549e3a
Y,1,5,4,3,2,,,en,NL,De Nederlandsche Bank,Institutional investors are increasingly investing in SPACs.,Institutional investors increasingly investing in SPACs,e763e9e74e473149a9798bab6b21dd6de7fddfc5
Y,-1,4,5,3,3,,,lv,LV,Dzentlmenis.lv (via Google News),Latvian industry surprises Europe: more produced than expected.,"Latvijas rūpniecība pārsteidz Eiropu: saražots vairāk, nekā gaidīts",0b24dbc2e37db7205694db7b344f14b66ce0054b
Y,-1,6,7,4,5,,,en,—,rapporteur.com (via Google News),Meloni wins electoral reform battle.,Meloni wins electoral reform battle,e293c946f14595c7215ffc03a7d609c3f12804ae
Y,-1,1,2,1,1,,,lv,LV,tv3.lv (via Google News),"New musical ""Pasaule, pasaulīt"" premieres, created to honor composer Boris Rezņiks.","Top jauns mūzikls ""Pasaule, pasaulīt"", kas veidots, godinot komponistu Borisu Rezņiku",5cf6ceb8aa758a9efd7c5de8dac273f7dc6b027e
Y,1,2,1,2,1,,,de,DE,ZDFheute,Health check for Siberian tiger triplets.,Gesundheits-Check für Sibirische Tiger-Drillinge,8e4669d5a4664e2589f51d351521dbf46b460a13
Y,1,5,4,3,3,,,sl,SI,N1 Slovenija (via Google News),"Concert in Ljubljana against genocidal policy: ""It is everyone's responsibility to speak up.""","V Ljubljani koncert proti genocidni politiki: ""Odgovornost vsakega je, da se oglasi""",3e1cea02867094a574043a3333693b5c451bcdfa
Y,-1,1,2,2,2,,,pl,PL,SportoweFakty (via Google News),Euro 2028 qualifying draw held. And that's the group for Poland.,"""Rozlosowali"" eliminacje Euro 2028. I taka grupa dla Polski",33ca2bce28b7d5f095a527379b758a6a43278c10
Y,1,3,2,2,2,,,sl,SI,RTV SLO (MMC),"In Sardinia, a village where an above-average number of centenarians live has been discovered.","Na Sardiniji odkrili vas, v kateri živi nadpovprečno število stoletnic",ea0c1e84b41c3778e18b1ddc722368d86c9a9415
Y,1,5,4,4,4,,,it,IT,Il Messaggero (via Google News),Bomb in the night in Rome East hits a car dealership in Centocelle: it is the eighth attack in 45 days.,"Bomba nella notte a Roma Est, colpita una concessionaria a Centocelle: è l’ottavo attentato in 45 giorni",f6411debd57ba44f3bbfe64c81ff30e6b6546b22
Y,1,7,6,5,4,,,pt,PT,Observador (via Google News),"PS wanted to close the budget and now wants to avoid the ""quagmire"" of the specialty.",PS quis fechar depressa o Orçamento e agora quer evitar o “atoleiro” da especialidade,1334a9bf670bad2457a93ec32c596b8a3522d69e
Y,-1,6,7,6,5,,,lt,LT,Lrytas (via Google News),Russian general 'Armageddon' – Putin's order regarding Kyiv,Rusijos generolui „Armagedonui“ – V. Putino įsakymas dėl Kyjivo,9e5bea78aa2a8efe5ecec57a38435f049494ff4a
Y,-1,2,3,2,2,,,hr,HR,HRT vijesti,Fire at Vid near Metković under control,Požar u Vidu kod Metkovića pod nadzorom,308bb2b20d0355b278aed41ecf60b754c5a9312a
Y,1,4,3,3,2,,,lv,LV,LSM (LV),Charity marathon 'Dod pieci!' this year focuses attention on mental health of Latvian society,Labdarības maratons «Dod pieci!» šogad uzmanību pievērsīs Latvijas sabiedrības psihiskajai veselībai,1ffb9b18b502f3e72830f491608b666ccfe0f4c6
Y,-1,1,2,1,1,,,hr,HR,HRT vijesti,Ballet masterpiece 'Giselle' comes to the Rijeka National Theatre,Baletno remek-djelo 'Giselle' stiže u riječki HNK,4a8a164ab1f0c22634686a380e830c78ba0c80db
Y,-1,7,8,6,5,,,cs,CZ,iROZHLAS (via Google News),"LIVE: Moscow says further deployment of NATO troops to the Baltics would be escalation, but praises Slovak monument","ONLINE: Další vyslání vojsk NATO do Pobaltí by byla eskalace, řekla Moskva. Chválí ale slovenský pomník",79278d8ce8db2a6695531dd2db94cb93d627cb74
Y,1,7,6,7,6,,,en,—,Euronews,Houthis claim missile strike on Riyadh airport as explosions heard in Saudi capital,Houthis claim missile strike on Riyadh airport as explosions heard in Saudi capital,f84cfea7e470cdd3810624e7eb0ece7ea271942c
Y,-1,2,3,1,1,,,de,DE,ARD Tagesschau,tagesschau in 100 seconds,tagesschau in 100 Sekunden,a78d628fb8cdf40407017d085b93ccc0e9ca2d3e
Y,-1,1,2,1,1,,,pt,PT,Canal N (via Google News),DIABETES IN MOVEMENT IS ALREADY UNDERWAY IN SANTA MARTA DE PENAGUIÃO,DIABETES EM MOVIMENTO JÁ ESTÁ A DECORRER EM SANTA MARTA DE PENAGUIÃO,26828d072f71fc76080a058929790832cde1c4e6
Y,-1,7,8,6,6,,,ro,RO,HotNews.ro (via Google News),Zelensky announces the 'gift' the Russian army made for Putin's birthday / Moment a missile hits a block directly during massive bombardment,"Zelenski anunță „cadoul” făcut de armata rusă de ziua lui Putin / Momentul când o rachetă lovește în plin un bloc, în timpul bombardamentelor masive",7669c1350bbee7faf54a46671fa719f2c0a53867
Y,-1,7,8,6,6,,,,DE,"Deutsche Welle (EN, Europe)",France's conundrum: how to cut spending amid protests,France’s conundrum: How to cut spending amid protests,2b32c8d816c1f1aa37a4d41e2518278b16db2eeb
Y,1,4,3,4,3,,,es,ES,La Voz Digital (via Google News),"A study involving the University of Cádiz shows women feel more pain than men: ""They take on a double burden of work and family""",Un estudio en el que participa la Universidad de Cádiz demuestra que las mujeres sufren más dolor que los hombres: «Asumen una doble carga laboral y familiar»,574bedb01241905f94f859ab9c80eb37ee4f622c
Y,-1,4,5,3,4,,,fi,FI,Satakunnan Kansa (via Google News),Stock market: drone monitoring company Sensofusion is making one of Finland's biggest stock market listings,Pörssi | Droonitorjuntayhtiö Sensofusion tekee yhden Suomen suurimmista pörssilistautumisista,2c150c5e2e7c8c9e751a4d92910579c01c4c83d5
Y,-1,6,7,4,5,,,pl,PL,Wiadomości Onet (via Google News),Donald Trump was asked about a change of government in Poland and answered in one sentence,Donald Trump dostał pytanie o zmianę rządu w Polsce. Odpowiedział jednym zdaniem,1d660df8782df70da60deccfd505b0c45b2c3898
Y,1,1,0,1,1,,,lv,LV,LSM (LV),"Rangers, the team of Latvian hockey defenseman Šmits, wins its fourth straight victory",Latvijas hokeja aizsarga Šmita pārstāvētā «Rangers» izcīna ceturto uzvaru pēc kārtas,6b5f95395f6f0a9661edba6e13a8c5fc46a030f5
Y,-1,2,3,2,2,,,nl,BE,HLN (via Google News),"Eline from 'De Mol' lashes out at prosecutors and a pediatrician as the trial over the death of her son Eugène will not go ahead: ""He needed a doctor, but you didn't come""","Eline uit ‘De Mol’ haalt uit naar justitie én pediater, nu proces rond dood van zoontje Eugène er niet komt: “Hij had een dokter nodig, maar jij kwam niet”",93fd341584d2f19e4df36a8c5268c3d0c88baccb
Y,1,7,6,6,5,,,fi,FI,Ilta-Sanomat (via Google News),Correspondent's analysis: something unusual is happening around Trump right now,Kirjeenvaihtajan analyysi: Trumpin ympärillä tapahtuu nyt jotakin erikoista,6b4f9870d366700ba01d2f8cbde266f1af616188
Y,1,3,2,2,2,,,sv,SE,Svenska Dagbladet (via Google News),"""Women can benefit from creatine just like men""",”Kvinnor kan ha nytta av kreatin precis som män”,bc3f3a9d96e9b3a1f400e75a23b23bb2e1dfa0a6
Y,1,4,3,3,2,,,nl,BE,VRT NWS (NL),"""Resilience is not an individual problem"": a walk alone won't get you far","""Veerkracht is geen individueel probleem"": met een wandeling alleen schiet je niets op",5b2ebe193611ce80f2af702ef8449047b0a52a41
Y,-1,6,7,6,6,,,pt,PT,RTP noticias,13h: Data from Portuguese secret services exposed online,13h Dados das secretas portuguesas foram expostos na internet,e92879c9f82fc7d628c37564ee9dd3fe66576633
Y,-1,1,2,2,3,,,fr,FR,RMC Sport (via Google News),Portugal: Jorge Jesus's very unimpressed first reaction to Cristiano Ronaldo's surreal statement,Portugal: la première réaction (très blasée) de Jorge Jesus au communiqué surréaliste de Cristiano Ronaldo,b76d05e58181aa404d299baeefd72ec783bc1e98
Y,-1,6,7,4,4,,,en,NL,De Nederlandsche Bank,Income flowing to tax havens through the Netherlands has structurally declined,Income flowing to tax havens through the Netherlands structurally down,39516823a9febca6b8c28f09904a67a71bd01e69
Y,1,2,1,6,4,,,pt,PT,RTP noticias,Execution of the author of a massacre at a military base in Texas will be broadcast live,Fuzilamento de autor de massacre em base militar no Texas será transmitido em direto,e01a59fc25f265b6229004f35c0580116d93ba94
Y,1,2,1,3,3,,,de,DE,Spiegel (via Google News),Cornell: lawyer Sally Yates reportedly asked to review the university's handling of the 'Jane Doe' case,Cornell: Juristin Sally Yates soll Umgang der Universität mit »Jane Doe«-Fall prüfen,6d34cc07803c0847cdf56f41bd56ee7906fc2767
Y,-1,1,2,1,1,,,pl,PL,Jastrząb Post (via Google News),"""Millionaires"" quiz show: how much money actually reaches the winners? The after-tax amount may be shocking","""Milionerzy"". Ile pieniędzy faktycznie trafia do zwycięzców? Kwota po podatku może zszokować",607e0c980ba7cfa89cf75702c26aeae0415c912d
Y,1,4,3,1,1,,,en,EU,European Commission (via Google News),Overview - European statistics learning hub,Overview - European statistics learning hub,334d7b6d012f8629e36b4750ea3874249b662463
Y,-1,2,3,1,1,,,sv,SE,SVT Nyheter,Power line being maintained by helicopter here,Här underhålls kraftledningen med helikopter,b8ea437c5166be833f0a1f89ce6145d6a5efeacf
Y,-1,3,4,2,3,,,cs,CZ,Cesky rozhlas (iROZHLAS),Regional office opens permit proceedings for a dam at Nové Heřminovy; the water authority wants to obtain it this year,Krajský úřad zahájil řízení o povolení stavby přehrady v Nových Heřminovech. Povodí ho chce získat už letos,0143f9bae8029eef87ebcee264f1b508951a04a7
Y,1,4,3,2,1,,,en,CY,Κυβερνητική Πύλη - Gov.cy (via Google News),PIO Director: Inauguration of the Cyprus Collection (Fondo Cipro) at the University of Siena,PIO Director – Inauguration of the Cyprus Collection (Fondo Cipro) at the University of Siena,e2afe484855a9008b3e1b725bd5852366232d19b
Y,-1,0,1,1,1,,,fi,FI,Jatkoaika (via Google News),Moderate lineup changes seen in the midday game between Jukuri and Ässät,Jukurien ja Ässien keskipäivän pelissä nähdään maltillisia kokoonpanomuutoksia,9c9a99e69b063ea127510e8cebd55cf707ca6031
Y,1,4,3,3,3,,,lv,LV,LSM (LV),Czechia will not take part in Eurovision next year to cut costs,Čehija nākamgad nepiedalīsies Eirovīzijā izdevumu samazināšanas nolūkā,3f9e49fcd18d69880275544b86e97f208768c60e
Y,-1,0,1,1,2,,,es,ES,La Voz de Galicia (via Google News),"David Silva comes out of retirement to play at the Supreme Shatin in Hong Kong at age 40: ""Absolute madness!""",David Silva sale de su retiro para jugar en el Supreme Shatin de Hong Kong a los 40 años: «¡Locura absoluta!»,6ecac0357eb4a99491da702af89ef917d96503a0
Y,-1,0,1,1,1,,,ro,RO,GSP (via Google News),"Ianis Zicu tore apart his former Superliga player: ""So-called footballer. Both your name and your career as a player were... tiny""",Ianis Zicu și-a făcut praf fostul elev din Superliga: „Așa-zis fotbalist. Și numele și parcursul tău ca jucător au fost… mici”,0bf73a5d97a9a96ae0db5e6d43b20e7c09ec30e3
Y,1,8,7,6,5,,,pt,PT,Observador (via Google News),"Housing, strategic voting and pressure on the PP: how Sánchez tries to survive the ""death-defying leap without a net""","Habitação, voto útil e pressão no PP. Como Sánchez tenta sobreviver ao ""salto mortal sem rede""",13073fa11f6d75522654dea783745f4a0e033037
Y,-1,0,1,0,1,,,it,IT,Sky TG24 (via Google News),The 18 most famous films of Eva Marie Saint. PHOTOS,I 18 film più famosi di Eva Marie Saint. FOTO,f749512dc098aa591af92aa64d971ffed6374924
Y,-1,0,1,1,2,,,ro,RO,GSP (via Google News),"U-BT Cluj-Napoca makes an exceptional comeback at BTarena and beats the Italian vice-champion in front of over 6,000 spectators","U-BT Cluj-Napoca, revenire de excepție în BTarena și victorie cu vicecampioana Italiei, în fața a peste 6000 de spectatori",e07c00144c6c188a293f21dcbba10de44c1ea32f
Y,1,8,7,6,4,,,en,—,rapporteur.com (via Google News),Rubio vows to resolve Greek cable dispute with Turkey,Rubio vows to resolve Greek cable dispute with Turkey,440ce8ed0f74045db6a344bc7924b38c5dea4e2d
Y,-1,3,4,3,2,,,en,DK,Gazeta Express (via Google News),New details about the incident between two guards from Kosovo and a prisoner in Denmark,New details from the incident between two guards from Kosovo and a prisoner in Denmark,42ee561058348c95738d32ec4c8eae259bd2b77d
Y,1,7,6,5,4,,,en,CY,Philenews (via Google News),DIKO leader suggests a legal challenge to remove British bases over antennas,DIKO leader floats legal bid to remove British Bases over antennas,9cdbd077a36e65e4aaf268ecc17a523cc6f4dfb0
Y,-1,1,2,1,1,,,lt,LT,LRT (via Google News),New international exhibition at the MO Museum; invited art fans attended the opening,MO muziejuje – nauja tarptautinė paroda: į atidarymą rinkosi kviestiniai meno gerbėjai,d92ca9db8da43bdc0eb521638748cf23f6f67b6a
Y,-1,3,4,2,2,,,it,IT,la Repubblica (via Google News),"Mattarella awards three honors, including jeweler Guido Gianni, who killed two robbers","Mattarella concede tre grazie: c’è anche Guido Gianni, il gioielliere che uccise i due rapinatori",32cb1396eae0d332daa45efada9519ff635a3073
Y,1,2,1,1,1,,,fr,FR,La Montagne (via Google News),"""The desire to recruit new profiles"": who will join Joe El-Abd's staff as the new ASM Clermont coach","""La volonté d'aller chercher de nouveaux profils"" : quel staff pour Joe El-Abd, le futur entraîneur de l’ASM Clermont",2bef624588d8734516b8a1c0c6e7ab7148188c58
Y,-1,6,7,3,4,,,en,NL,De Nederlandsche Bank,Caught in technology: financial institutions and their dependence on digital systems,Entangled in tech: financial institutions and their digital dependence,950b23743ecfca1a0538c3bb1d7d693e362b39f8
Y,-1,7,8,6,7,,,et,EE,Delfi (via Google News),"Russia attacked two buses in Kramatorsk, Ukraine, killing 12 people","Venemaa ründas Ukrainas Kramatorskis kaht bussi, mille tõttu hukkus 12 inimest",ec6463f8592b4d88dae407dc52a69d4ce803220e
Y,-1,3,4,3,3,,,de,DE,FAZ (via Google News),Flu season begins: here is the situation in Hesse,Grippezeit beginnt: So ist die Lage in Hessen,c53a514b958f85798d9034376e9d8786db84fc5a
Y,1,4,3,4,3,,,sv,SE,Sveriges Radio (Ekot),"Rita Lifshitz survived the Hamas massacre: ""What luck I had""",Rita Lifshitz överlevde Hamas massaker: ”Vilken tur jag hade”,75ed3027238880e6fb4c3828332d01763d430782
Y,-1,2,3,2,2,,,fi,FI,Ilta-Sanomat (via Google News),Anger in Belarus over events during the Finland match,Valko-Venäjällä raivostuttiin Suomi-ottelun tapahtumista,17cc32b99e2c0b1ca80ebebd2cbaefbac3c1cce8
Y,-1,2,3,2,3,,,sk,SK,Pravda (via Google News),Historic mill in Plešivec burned to the ground; damage is huge,Historický mlyn v Plešivci zhorel do tla. škody sú astronomické - Domáce - Správy,b81c88ad79dfd4e1c80409e00ffc042f577e9635
Y,-1,3,4,2,2,,,bg,BG,BNT,Drones and sport: what experience does the Bosnian police have?,Дронове и спорт - какъв е опитът на босненската полиция?,ebe54dc130851a5c3c713694901f8568a8d6959d
Y,1,8,7,7,5,,,en,—,rapporteur.com (via Google News),Solidarity can't fill Kyiv's coffers,Solidarity can't fill Kyiv's coffers,04d813014b59207fbc85d3b6c99cdcd249f56632
Y,-1,3,4,2,3,,,fr,FR,France Televisions (franceinfo),"Three new suspects are in police custody after a police officer was attacked in Belfort, and a separate investigation has opened into the arrest of a high school student.","Trois nouveaux suspects en garde à vue après l'agression d'un policier à Belfort, une enquête sur l'interpellation d'un lycéen ouverte en parallèle",1d7602df45d70ef4eaf0181c173f3aa2f7b7bc22
Y,1,3,2,3,2,,,el,EL,ERT (ertnews),Mathiopoulos tells ERTnews: doctors refused to escort Mazonakis when they were told he would be going to the Elpis hospital.,Μαθιόπουλος στο ΕΡΤnews: Οι γιατροί αρνήθηκαν να συνοδεύσουν τον Μαζωνάκη όταν ενημερώθηκαν ότι θα πήγαινε στο «Ελπίς»,0249941f9c9e637e78b37305e655e3ebbded227b
Y,1,4,3,3,2,,,nl,BE,VRT NWS (NL),"Belgian railway NMBS considers access gates in big stations ""not appropriate.""","NMBS vindt toegangspoortjes in grote stations ""niet opportuun""",8c0c0f0fe2d2d3ba7ff21fbfe3fdfe167dfffc26
Y,1,2,1,1,2,,,sl,SI,RTV SLO (MMC),"Roglič has not yet revealed his future plans, even to those close to him.",Roglič niti bližnjim še ni razkril svojih načrtov za prihodnost,1e98e85721291d7e8ba7ebb3db3fcb72c260ea49
Y,1,5,4,3,4,,,cs,CZ,Cesky rozhlas (iROZHLAS),"Israelis are trying to cope with trauma, but they are not succeeding, says Kalhousová on the anniversary of the Hamas attack.","Izraelci se s traumatem pokoušejí vyrovnat. Nejsou ale úspěšní, říká Kalhousová k výročí útoku Hamásu",39384a59d657ebd62fa665a441245c0aeac521f0
Y,-1,4,5,3,3,,,it,IT,la Repubblica (via Google News),"Barbara Spinelli, journalist and member of the European Parliament, has died. She was one of the founders of the newspaper Repubblica.","È morta Barbara Spinelli, giornalista ed europarlamentare. Fu tra i fondatori di Repubblica",725064e7c925d151091f93c0d41fc185aff4f02e
Y,1,7,6,4,3,,,en,CY,Κυβερνητική Πύλη - Gov.cy (via Google News),"Statement by Cyprus's Minister of Finance, Makis Keravnos, on his participation in the Eurogroup and ECOFIN meetings.","Statement by the Minister of Finance of the Republic of Cyprus, Mr Makis Keravnos, on his participation in the Eurogroup and the ECOFIN",78c68501bf3914512ed28687554280612fe32ccc
Y,1,3,2,1,1,,,en,DK,The Batesville Daily Guard (via Google News),Denmark,Denmark,f15a08e97c274074ee76b23c6313ca2e0d0d5ca0
Y,1,2,1,1,1,,,da,DK,DR,Danish promoter inducted into the boxing Hall of Fame.,Dansk promotor optages i boksesportens Hall of Fame,f5e5e4dc38778e1d62450b87b1d07123aa7e5306
Y,-1,4,5,2,3,,,pl,PL,Rzeczpospolita (via Google News),"Judge Mielcarek explains his posts on X about Braun and COVID, and admits: ""That is my account.""",Sędzia Mielcarek tłumaczy się z wpisów na X o Braunie i covidzie. I przyznaje: To moje konto,9dddd0fb38078c1989d17e820847ce5260e1c55b
Y,1,7,6,6,4,,,el,EL,ERT (ertnews),Rubio's response to ERTnews: there are sensitive issues and we want to handle them properly.,Απάντηση Ρούμπιο στο ΕΡΤnews: Υπάρχουν ευαίσθητα θέματα και θέλουμε να τα αντιμετωπίσουμε σωστά,764e95aba1a58785c2f665775790d4b2e81eb3e1
Y,-1,3,4,3,4,,,bg,BG,BNT,"Rescue operation: the search continues for the crew of the ship ""Alfa Watan.""",Спасителна операция: Продължава издирването на екипажа на кораба „Алфа Уатан“,899321d87cf12d8b24b4a53b318f83fd04444fc9
Y,-1,3,4,2,2,,,hr,HR,HRT vijesti,Bauk and Krstulović Opara on November 8: two different interpretations.,Bauk i Krstulović Opara o 8. listopadu: Dvije različite interpretacije,2e5d9aa8dee50ae4f29bb7bb2ccdd39ddc5b6a9b
Y,-1,6,7,6,6,,,bg,BG,BNT,What is the world press saying about Bulgaria after drone attacks on ships in the Black Sea?,Какво пише в световния печат за България след атаката с дронове срещу кораби в Черно море?,8eda7e90d5cfcaf644cbbb527a5351f56131e41d
Y,1,2,1,1,1,,,it,IT,Libero (via Google News),"Piero Chiambretti shocked as police burst into the set of Fin che la barca va: ""They're about to arrest us""","Piero Chiambretti sotto choc, irruzione della polizia durante Fin che la barca va: ""Ci stanno per arrestare""",5f8aa1648ed02e289ff689e388c1d3edd3710a8c
Y,-1,4,5,4,5,,,es,ES,heraldo.es (via Google News),Vote here: Will you join the general strike on November 11 over the housing crisis?,Vota aquí: ¿Seguirás la huelga general el día 11 de noviembre por la crisis de la vivienda?,358fa2d2eca8e1d3d149ae462e5edcb5550b82b6
Y,1,3,2,2,2,,,nl,NL,NOS,That weird AI character on TikTok mainly wants you to buy its crypto,Dat gekke AI-personage op TikTok wil vooral dat je zijn crypto koopt,2870987022193969ac8cf1736296db4008eb9d16
Y,1,4,3,3,3,,,fr,FR,France Televisions (franceinfo),The LFP is launching a new tender for Ligue 1 TV rights,La LFP va lancer un nouvel appel d'offres pour les droits TV de la Ligue 1,85e009b3bcc73cc81d2157a5f309fb7336a212a7
Y,-1,3,4,2,3,,,lt,LT,15min.lt (via Google News),"In Vilnius, a weapon was used during a smuggler arrest operation, and a VSAT vehicle was damaged","Vilniuje per kontrabandininkų sulaikymo operaciją panaudotas ginklas, apgadintas VSAT automobilis",72d08aed9c5bcfc7117fc63992717e8d838832ae
Y,1,1,0,0,0,,,pt,PT,Notícias ao Minuto (via Google News),Bárbara Tinoco confirms wedding and shares photos from the special day,Bárbara Tinoco confirma casamento e mostra fotografias deste dia especial,539a579681889bafe0def315681a0d37c7df2123
Y,1,9,8,8,7,,,el,EL,Bankingnews (via Google News),Rapid developments: The US backs down and urgently seeks a deal with Iran; Vance accepts uranium enrichment below 60%,"Ραγδαίες εξελίξεις: Οι ΗΠΑ υποχωρούν, ζητούν επειγόντως συμφωνία με το Ιράν - Ο Vance δέχεται εμπλουτισμό ουρανίου κάτω από 60%",0debe92314a06e48f22ac47d9a287c3dcf392dc4
Y,-1,4,5,3,4,,,et,EE,ERR (via Google News),Government approves special zoning plan for explosives factory in Piirsalu,Valitsus kehtestas lõhkeainetehase eriplaneeringu Piirsalus,9a387964a0c48913e7fa68040d08fe1050bc1a53
Y,1,2,1,3,2,,,ro,RO,Digi24 (via Google News),Cristiano Ronaldo's message to Leo Messi on his retirement from the Argentina national team,"Mesajul lui Cristiano Ronaldo către Leo Messi, la retragerea acestuia din naționala Argentinei",4041ec0c1cf3832f5cfe04b413263f46711f5b3a
Y,1,4,3,5,4,,,es,ES,Libertad Digital (via Google News),"How the molecular ""antenna"" that immune defenses need to detect cancer works","Así funciona la ""antena"" molecular que las defensas necesitan para detectar el cáncer",3c913fadff6b7f408455a4d5b2e1bc38b2551c04
Y,1,3,2,3,3,,,et,EE,novaator | ERR (via Google News),Keto diet increases the risk of small intestine cancer in mice,Ketodieet suurendab hiirtel peensoolekasvaja riski,23a556a1769454db83b5e9cc1368a05281f824d7
Y,-1,2,3,2,3,,,sv,SE,Dagens Nyheter (via Google News),Eight voices on this year's Nobel laureate Anne Carson,Åtta röster om årets Nobelpristagare Anne Carson,1ef31ab1462a120846c4a774d9589cc3f106f45d
Y,-1,2,3,1,1,,,cs,CZ,Ceska televize (CT24),Recovery tank will help a truck stuck under a bridge in Prague,Kamionu uvázlému pod mostem v Praze pomůže vyprošťovací tank,6e209154744038a1132dd230abaa14de404d0eb1
Y,-1,2,3,2,2,,,fi,FI,Ilta-Sanomat (via Google News),Problems with Wolt: users could not get their orders through,Woltilla ongelmia – käyttäjät eivät saaneet tilauksia läpi,099f5412798bf7bcdfafb7ccf97ec1c9a51a5dbb
Y,-1,2,3,1,1,,,hr,HR,HRT vijesti,Bulky waste pickup: many vehicles of the KD Čistoća are in the repair shop!,Odvoz glomaznog otpada: velik broj vozila KD Čistoće - na servisu!,01f088a539a9e289de789cff26f551b6351b6e48
Y,1,7,6,5,5,,,,DE,"Deutsche Welle (EN, Europe)","Bosnia election: new steps to prevent electoral fraud, but nationalist parties remain in the lead","Bosnia election: New steps to prevent electoral fraud, but nationalist parties remain on top",fe80a02e2ea2bd46ae909fa8ed0cc8319614adfc
Y,1,3,2,1,1,,,de,DE,ARD Tagesschau,tagesschau in Easy German,tagesschau in Einfacher Sprache,8bfb8db057478dfe31ef68165f2eb26460babc4b
Y,-1,0,1,0,1,,,sk,SK,Topky (via Google News),Zagorova's secret: Karel Vágner revealed the truth about her wedding to Harapes and a forbidden child after years!,Tajomstvo Zagorovej: Karel Vágner po rokoch odhalil pravdu o jej svadbe s Harapesom a zakázanom dieťati!,3fe9d9937b26585f6164a678e02085dca0af1da7
Y,-1,0,1,0,0,,,sk,SK,Zoznam (via Google News),Former yodeler Kmotríková disappeared from screens years ago: here is what she looks like now!,Bývalá jojkárka Kmotríková pred rokmi zmizla z obrazoviek: Takto teraz vyzerá!,76c7571d403359e53b2bd3bc830ddcab35e1a130
Y,-1,1,2,0,1,,,es,ES,Interempresas Media (via Google News),Spirol expands its range of threaded inserts with new aluminum solutions for plastics,Spirol amplía su gama de insertos roscados con nuevas soluciones de aluminio para plásticos,c5c70967eac5c90341ebb8ffa22441f7acaa5048
Y,-1,1,2,1,2,,,pt,PT,Eurogamer.pt (via Google News),Samsung launches new high-end tablets,Samsung lança novos tablets topo de gama,0db7fc94cd8d8fbc039fc0b7f2afad637513e001
Y,1,4,3,3,2,,,el,EL,ERT (ertnews),"With 85,000 runners, a new shirt and a shiny medal, this year's 43rd Athens Marathon takes place","Με 85.000 δρομείς, νέα μπλούζα και λαμπερό μετάλλιο ο φετινός 43ος Μαραθώνιος Αθήνας",4f3268d4b48beaa087ea478010cab2b291e59c45
Y,1,5,4,3,3,,,hr,HR,HRT vijesti,"Tomašević: arbitration in Holding and ZET will end very soon, the strike will not be paid","Tomašević: Arbitraže u Holdingu i ZET-u će vrlo brzo završiti, štrajk se neće platiti",52cc19cca94f09ac65cbc62d5190b3b47148d967
Y,-1,6,7,5,5,,,ro,RO,Libertatea (via Google News),"""I don't think the president will wait forever"", says Vlad Voiculescu about Luca Niculescu, the last prime minister-designate before early elections",„Nu cred că președintele va aștepta la infinit”. Vlad Voiculescu îl vede pe Luca Niculescu ultimul premier desemnat înainte de anticipate,5b99e73ed91d951fb95f233abec186ff6af13169
Y,-1,6,7,5,5,,,es,ES,RTVE.es (via Google News),"Elections and latest news in Spain, live today | Video","Elecciones y última hora en España, en directo hoy | Vídeo",a3e75cdcb993db3c96cb8a3ffc5428b1286cde5a
Y,1,2,1,2,1,,,hu,HU,Mobilarena (via Google News),The stable One UI 9 update has started rolling out for the Galaxy S24 and the Z Fold6 and Z Flip6 pair,"Megindult a stabil One UI 9 a Galaxy S24-re és a Z Fold6, Z Flip6 párosra",630010862980a31cb2ed69d895e961dbaaf6d175
Y,-1,1,2,2,2,,,es,ES,EL PAÍS (via Google News),Rosalía wins the 2026 National Prize for Current Music,"Rosalía, Premio Nacional de Músicas Actuales 2026",226ab641487f8d2603abeb4f46e1d5aef8d641b5
Y,1,4,3,4,5,,,pl,PL,Wyborcza.pl (via Google News),"Nobel Prize in Physics. The use of a natural ice cube was the breakthrough, say Polish female scientists",Nagroda Nobla z fizyki. Przełomowe było wykorzystanie naturalnej kostki lodu - komentują polskie naukowczynie,7f6113f311b5ae17bfb8a9d8943feb8e3ece2ea9
Y,-1,7,8,6,6,,,sl,SI,rtvslo.si (via Google News),Protests in France continued despite government promises,Protesti v Franciji so se kljub vladnim obljubam nadaljevali,67f9f9600ea1271d836106549c6712dbf7f9384e
Y,1,1,0,1,1,,,hu,HU,Esport1 (via Google News),The Witcher 3 now feels like it was made by Ubisoft,"Most már tényleg olyan a The Witcher 3, mintha a Ubisoft fejlesztette volna",3c122539bfd58bb8243c73c4bfe0d21ab875c4be
Y,1,2,1,2,1,,,hu,HU,| hvg.hu (via Google News),"Tech: Apple and LG have teamed up, a new door lock, camera and thermostat are coming","Tech: Összeállt az Apple és az LG, jön az új ajtózár, kamera és termosztát",acd65f365ca2d77a338d864051530b883320a0c2
Y,-1,1,2,1,1,,,fr,FR,Frandroid (via Google News),Amazon revamps its Prime Day: we found the best deals for you during Prime Flash Days,Amazon refait son Prime Day : on a trouvé pour vous les meilleures offres des Jours Flash Prime,7f8e171195dac61f6c7c7be1a503a0a060e69fcd
Y,1,3,2,3,2,,,fr,BE,Le Soir (via Google News),"European Cycling Championships: Primož Roglič crowned in the time trial, Ilan Van Wilder just off the podium","Championnats d’Europe de cyclisme : Primoz Roglic sacré sur le contre-la-montre, Ilan Van Wilder au pied du podium",6a0cb9d4fc2aabd00cb4051be8f3efd3acc57a40
Y,-1,2,3,2,2,,,sk,SK,Autoviny.sk (via Google News),"A 1,400-euro defective part is replaced after just 100,000 km. Thousands of engines have problems",Zradná súčiastka za 1400 eur sa mení už po 100-tisíc km. Tisíce motorov v problémoch,beb3db1fe59f5858bb56e30c2e97f4fe9b917d28
Y,1,4,3,5,3,,,nl,BE,VRT NWS (NL),"Redders more than doubled spending in 2026 on helping swimmers in trouble: ""Maybe the hardest summer ever""","Redders grepen in 2026 dubbel zo veel in voor zwemmers in nood: ""Misschien wel zwaarste zomer ooit""",0bfc808046be239c0a472d15da5bce32a068f2fa
Y,1,2,1,1,1,,,en,MT,ESCXTRA.com - (via Google News),Wiktor Sas releases his JESC 2026 song 'Gravity',Wiktor Sas releases JESC 2026 entry ‘Gravity’,1450ce95d2fffd55577c3c691a8cf35077aa0ff6
Y,1,2,1,4,3,,,sl,SI,N1 Slovenija (via Google News),A convicted murderer who survived execution has regained consciousness and is speaking,"Obsojena morilka, ki je preživela usmrtitev, je znova pri zavesti in govori",397892733ca24dfc1953a7a903d207fdb59d5966
Y,1,7,6,7,5,,,cs,CZ,Novinky (via Google News),"Czech companies are involved in a huge tax fraud, with damages of nearly five billion","Do obřího daňového podvodu jsou zapleteny české firmy, škoda je skoro pět miliard",5caef16877be8af50288b64e02e5ea45cea23185
Y,1,3,2,2,1,,,de,AT,Vatican News (via Google News),Vatican: New digital font based on Michelangelo's handwriting,Vatikan: Neue digitale Schriftart nach Michelangelos Handschrift,3213820231b373a4a5f0767655c22411400842be
Y,1,8,7,7,5,,,en,CY,ΚΥΠΕ (via Google News),"No lasting de-escalation in the Eastern Mediterranean without a Cyprus settlement, Commissioner Fitto tells the European Parliament","No sustainable de-escalation in Eastern Mediterranean without Cyprus settlement, Commissioner Fitto tells EP",ae793aef5b64e769967465d64a09eae74af4b91d
Y,-1,0,1,1,1,,,sl,SI,rtvslo.si (via Google News),Jesenice players fired up in the second period against Vipiteno,Jeseničani blesteli v drugi tretjini v Vipitenu,2c40b902cdb2713ac17ce21a37fddb8015bc9d2a
Y,1,2,1,4,3,,,et,EE,Delfi (via Google News),"""Where am I? Who are you?"" asked Christa Pike, who survived an execution attempt, upon regaining consciousness",„Kus ma olen? Kes te olete?“ küsis hukkamiskatse üle elanud Christa Pike pärast teadvusele tulekut,ff905ac0ce73745ba323750343e86e779c0a5743
Y,0,1,1,1,1,,,lt,LT,15min.lt (via Google News),"Famous guests attended a special event at the MO museum, including engaged couple Indrė Kavaliauskaitė and Rokas Iščiukas.",Į išskirtinį įvykį MO muziejuje plūdo žinomi svečiai: tarp jų – sužadėtiniai Indrė Kavaliauskaitė ir Rokas Iščiukas,ca1c46c59a381e2a830f6117148406dd26051fd7
Y,0,5,5,3,2,,,en,EU,European Commission (via Google News),Natural gas imports - monthly data,[nrg_ti_gasm] Natural gas imports - monthly data,71ce12187ce962de6e00f1ea55c53660e54623cc
Y,0,1,1,3,4,,,nl,NL,NOS,Tropical storm Isaias has grown into the first hurricane of the Atlantic season.,Tropische storm Isaias uitgegroeid tot de eerste orkaan van het Atlantische seizoen,7752a01d6b670176443d9df355895fb10183bc4e
Y,0,3,3,1,1,,,en,EU,European Parliament (via Google News),Home | Younous OMARJEE | MEPs,Home | Younous OMARJEE | MEPs,74bc145e060c2cf88b946c36c515d142ba95a780
Y,0,4,4,2,3,,,lv,LV,NRA (via Google News),"Pudāns criticizes operation ""Vilkatis"".","Pudāns kritizē operāciju ""Vilkatis""",4f6d42a0c1bfdf7da21ca480ff28289089665e25
Y,0,2,2,2,1,,,en,MT,Times of Malta (via Google News),Two people treated for smoke inhalation after a fire in Qala.,Two treated for smoke inhalation after Qala blaze,a2b59af3b161dfc6f250fabd3f3355734a12119d
Y,0,1,1,1,1,,,sv,SE,Mitt i (via Google News),"Triss on TV show for Gunnar: ""I am a little old man who likes to party.""","Triss i tv-skrap för Gunnar: ""Jag är en liten turgubbe""",268dadd4f81ae74527599f2bbec715f4fba2f40b
Y,0,3,3,3,3,,,it,IT,la Repubblica (via Google News),Grazia to the jeweler: sentence partly served and process started without setbacks. No signal regarding Roggero.,Grazia al gioielliere: pena in parte scontata e iter avviato senza strappi. Nessun segnale su Roggero,7b05599dcbe8aa960f303aa103703e673b39fe28
Y,0,4,4,3,3,,,da,DK,DR,The two Kosovo prison guards who were convicted have been released.,To voldssigtede fængselsbetjente fra Kosovo er blevet løsladt,abb59133ca10aedb6005c85af7fa996cd425bd6e
Y,0,6,6,4,4,,,bg,BG,Dnevnik.bg (via Google News),"Rats, absences, hours from morning to dark: what French students are protesting about.","Плъхове, отсъствия, часове от сутрин до мрак: за какво протестират учениците във Франция",b6c603ef511ff4ffaca168854857a1cc0cce2f1d
Y,0,5,5,3,2,,,pt,PT,RTP noticias,Parliament has 18 committees and 26 working groups operating.,Parlamento tem em funcionamento 18 comissões e 26 grupos de trabalho,484123b4d2a407d8bc7e7953f3a051fb11024151
Y,0,2,2,2,2,,,de,AT,wien.ORF.at (via Google News),Break-ins after house collapse.,Einbrüche nach Hauseinsturz,52447b40ac9a88fb4789af45b1d13b8a0762fa49
Y,0,3,3,2,2,,,nl,BE,Focus en WTV (via Google News),Light quake felt like a heavy truck passing by,“Het leek wel op de passage van een zware vrachtwagen”: lichte…,f69d76ddc37da3db38d77f4addf8db5ce00d464f
Y,0,7,7,6,5,,,nl,NL,Trouw (via Google News),"New student protest in Paris ends in tear gas fog; 'Macron, resign!'","Nieuw scholierenprotest in Parijs eindigt in mist van traangas. ‘Macron, treed af!’",6444478e97ed0e98a76fac21fe9f739612e26af8
Y,0,1,1,1,0,,,fr,FR,Les Numériques (via Google News),Shokz open-ear headphones on sale for the autumn Prime Day,Shokz : la technologie à oreilles libres en promotion pour le Prime Day d'automne,8ba0acfdd7261705b52dd2a4b87b71ab785ba5ad
Y,0,2,2,2,2,,,sv,SE,SVT Nyheter,Man jailed in Umeå after insulin overdose,Intagen dog på fängelset i Umeå – efter insulinöverdos,79bc68cdee114187c3bcfdc05ed7d9152058cbb2
Y,0,6,6,4,4,,,cs,CZ,Seznam Zprávy (via Google News),Pre-election leaders' debate: Havlíček surprised that Rakušan criticized the president,"Předvolební debata lídrů: Havlíček se divil, že Rakušan kritizoval prezidenta",71895708a6185437ef6fc23ed85aff08e5f953b2
Y,0,1,1,2,2,,,ro,RO,Digi Sport (via Google News),Insults and reproaches! Jose Mourinho came face to face with Kylian Mbappé and didn't hold back his words,Insulte și reproșuri! Jose Mourinho a ajuns față în față cu Kylian Mbappe și nu s-a ferit de cuvinte,738b8c1f920e28ebccc6da0c9a99f3048d72ce48
Y,0,3,3,2,2,,,en,CY,Shipping Telegraph (via Google News),Cyprus investor Danship Partners enters the MR segment,Cyprus investor Danship Partners breaks into MR segment,17e41f460fe8de203105083d4b7499546777925a
Y,0,1,1,2,1,,,de,DE,it boltwise (via Google News),QSSR for standard PS5: PS5 Pro feature coming via patch,QSSR für Standard-PS5: PS5-Pro-Feature kommt per Patch,244fdb2b49c6b52036f34060ce572f9c2cf00bd3
Y,0,1,1,1,1,,,sv,SE,SVT Nyheter,The Sonen made director Mike Flanagan want to make a new 'Carrie',Sonen fick regissören Mike Flanagan att vilja göra ny ”Carrie”,39639df765e357b3d388bcba95ce527c1bde68d1
Y,0,8,8,6,6,,,,DE,"Deutsche Welle (EN, Europe)",Latvians head to the polls with Russia on their minds,Latvians head to the polls with Russia on their minds,d7204c7fe1b71f0a38ec8ae965321a398dd64df4
Y,0,7,7,5,4,,,bg,BG,BNT,EU Commissioner Marta Kos: My vision is that one day the Western Balkans will be part of our Europe,Еврокомисарят Марта Кос: Моята визия е един ден целите Западни Балкани да бъдат част от нашата Европа,e7ee5819f51a60f026bb4aa2d7cadbf3960494a6
Y,0,4,4,3,3,,,en,—,Euronews,Menopause patients left without treatment: what is happening in Spain?,Menopause patients left without treatment: what is happening in Spain?,c27b77d1fa25ddebd5e3c0f0612307160f4a98be
Y,0,5,5,3,3,,,hu,HU,Index.hu (via Google News),FOMO – Feró Nagy on the change of government and Gabi Tóth: We Fidesz members got something wrong,"FOMO - Nagy Feró a kormányváltásról és Tóth Gabiról is vallott: Mi, fideszesek elhibáztunk valamit",80e1e158a515b47e578e4e945cc0db30cf05436e
Y,0,2,2,2,1,,,pt,PT,diariOnline Região Sul (via Google News),Albufeira wins National Excellence in Local Government Recognition awards,Albufeira conquista prémios de Reconhecimento Nacional de Excelência Autárquica,326326414d6b98c44fcf9e73f5d5f248d6634906
Y,0,7,7,6,5,,,en,NL,De Nederlandsche Bank,Dutch pension funds sell a record amount of assets,Dutch pension funds sell record amount in assets,bffa572f30baae62bf4ac848a32223cc153b3c0f
Y,0,1,1,1,2,,,lv,LV,LSM (LV),Latvian curling team qualifies for the world championship,Latvijas kērlingisti kvalificējas pasaules čempionātam,2772b61c2722ed61b1ffffbfa303bf17545b647c
Y,0,2,2,2,2,,,de,DE,ZDFheute,"Pompeii, city of extremes: a secret underworld",Pompeji Stadt der Extreme: Geheime Unterwelt,26bd1482ac9a17237f1b2d9561508dbd2e5dd5d4
Y,0,1,1,4,4,,,en,DE,"Deutsche Welle (EN, all)",India news: Opposition keeps attacking the election chief after detentions,India news: Opposition doubles down against poll chief after detentions,c586b3f0fa1a13704caabd9b12a1f8e751ff0197
Y,0,6,6,4,4,,,fr,FR,France Televisions (franceinfo),"""He shows he knows the codes"": tweets from young Jordan Bardella bring back the ""Soral-style atmosphere"" of his early political career","""Il montre qu'il connaît les codes"" : des tweets du jeune Jordan Bardella font ressurgir ""l'ambiance soralienne"" de ses débuts en politique",bf12308e8a18bc70e8ec036be231c33557f7a3c8
Y,0,1,1,1,1,,,el,EL,ERT (ertnews),The legendary Broadway musical comes to the Alekos Alexandrakis Theatre starting October 21,Το θρυλικό μιούζικαλ του Μπρόντγουεϊ έρχεται από 21 Οκτωβρίου στο Θέατρο Αλέκος Αλεξανδράκης,c8decbc457ef2f8b9dd838cbc8f810fdfc1c8353
Y,0,8,8,7,6,,,fi,FI,S-Pankki (via Google News),The Iran war is keeping oil prices high,Iranin sota pitää öljyn hinnan korkealla,9401fdfe859b57dd6f67405bebc20970c8191d49
Y,0,1,1,2,1,,,de,DE,ARD Tagesschau,"Mars surface, elephant seal at Copacabana, autumn","Marsoberfläche, Seeelefant an der Copacabana, Herbst",e12f6bd2dd708ec2d4520c56a2ce98297bbb10a1
Y,0,1,1,1,1,,,bg,BG,BNT,"""Undercover 6"" fills Hall 1 of the NDK for two days",Два дни „Под прикритие 6“ препълва Зала 1 на НДК,ea500231e2a7011fb5b71344d22df77b40dae1ee
Y,0,3,3,2,1,,,en,GB,GOV.UK news,Arvia report published,Arvia report published,a31af6447232e45a16756f943a173f009911e24b
Y,0,7,7,5,4,,,sl,SI,Siol.net (via Google News),European leaders meet today in Split. Janša is there too.,Evropski voditelji danes v Splitu. Tam je tudi Janša.,094dcc4acbbdc2791408f01952bebc18cc2c1a0c
Y,0,3,3,1,1,,,et,EE,Tartu Postimees (via Google News),Public discussion on the Ilmatsalu plan will take place on October 12,Ilmatsalu planeeringu avalik arutelu toimub 12. oktoobril,1c2907f1b73b46cf29ef156affbe359c2d6af8b4
Y,0,8,8,7,6,,,lv,LV,LSM (LV),Media: Latvia is preparing for a possible Russian hybrid attack that could cause casualties,Medijs: ES gatavojas iespējamam Krievijas hibrīduzbrukumam ar cilvēku upuriem,c8ebe464281f6137b95c2224dbed36ad52e29aa1
Y,0,1,1,2,2,,,de,DE,WELT (via Google News),"""Totally unacceptable"" - international match schedule angers Dortmund coach Kovac",„Total inakzeptabel“ – Länderspielreigen verärgert BVB-Trainer Kovac,3801826605c82302de61d761ee4e3fc4b77f7801
Y,0,5,5,3,3,,,sv,SE,Sveriges Radio (Ekot),SSU: Left Party pauses the whole political landscape,SSU: Vänsterpartiet pausar hela det politiska landskapet,d541178d26eea6a941f607cbb0fd57831dcd3b19
Y,0,7,7,5,4,,,pt,PT,RTP noticias,"""Historic allies"": Rangel praises transatlantic relations and Rubio seeks to sell fighter jets","""Aliados históricos"". Rangel elogia relação transatlântica e Rubio procura vender caças",63a76ed96069117991ccedec9776af23d285e723
Y,0,2,2,1,1,,,de,DE,ARD Tagesschau,tagesschau in 100 seconds,tagesschau in 100 Sekunden,1abb158bc178834723010a0980eefd71e8d1f7df
Y,0,5,5,3,3,,,fr,BE,DHnet (via Google News),"""Dilapidated buildings"", ""lack of student supervision"", ""rise in minerval"": minister Glatigny responds to students","""Bâtiments vétustes"", ""manque d'encadrement des élèves"", ""hausse du minerval"" : la ministre Glatigny répond aux élèves",c96d91c08c232adf4b977ad356bf6f88d6ea3369
Y,0,8,8,6,5,,,hr,HR,HRT vijesti,Rubio says the US wants a strong Europe,Rubio kaže da SAD želi snažnu Europu,53f1031c595ff9206275ae3350f5f5d160aae491
Y,0,1,1,0,1,,,it,IT,Libero (via Google News),"Dancing with the Stars: Noemi Bocchi already under fire, ""What job does she do?"" Canino is cutting and Matano loses his temper","Ballando con le stelle, Noemi Bocchi già nel mirino: “Che lavoro fa?”. Canino perfido e Matano sbotta",dd9b884d0c98a573e2a0527b7c3f91948ca37d2b
Y,0,5,5,4,3,,,en,DE,"Deutsche Welle (EN, all)","Evicted Spanish pensioner who sparked housing protests has died, Madrid tenant union says","Evicted Spanish pensioner who sparked housing protests has died, Madrid tenant union says",879077e3b6d68a2259330ba8c7de725335e4c0ac
Y,0,4,4,4,3,,,cs,CZ,Cesky rozhlas (iROZHLAS),"Managers of a Pacov company cost the state over 95 million, police estimate; they face 5 to 10 years in prison","Jednatelé pacovské firmy připravili stát o víc než 95 milionů, odhaduje policie. Hrozí jim 5 až 10 let vězení",9a82c176b80aebbb00d4efaef670aed07b228ad2
Y,0,3,3,3,2,,,da,DK,DR,Mackerel tuber recalled due to risk of metal pieces,Makreltuber tilbagekaldes på grund af risiko for metalstykker,1a8b7bb2e26278125b798984db55ef2120380549
Y,0,1,1,1,2,,,bg,BG,Gong.bg (via Google News),Messi's legendary legacy with Argentina in numbers,Легендарното наследство на Меси с Аржентина в цифри,774f1b1f1c657350f2d1d5f6b10573ebac557cbe
Y,0,2,2,2,1,,,sl,SI,RTV SLO (MMC),Exhibition of Brecht's Versuche: an artist who constantly tested his work and intervened in it,"Razstava Brechtovi poskusi (Versuche): Umetnik, ki je svoje delo ves čas preverjal in vanj posegal",c573c5a9d17f749e44d2268f62a7733c2e8f7a51
Y,0,4,4,3,2,,,en,EU,European Parliament (via Google News),A tribute to Anna Politkovskaya,A tribute to Anna Politkovskaya,2dffea0f99f36d06c73ac15f05c86ee18aaf6ec3
Y,0,3,3,3,2,,,sk,SK,Koktejl.sk (via Google News),Staškov says goodbye to teacher Boženka (61): ministers attended the state-honored funeral,Staškov sa lúči s učiteľkou Boženka († 61): Na pohreb so štátnymi poctami dorazili aj ministri!,ed7fd8199e381abc285c73e33b59429bd768bffc
Y,0,2,2,2,1,,,nl,BE,VRT NWS (NL),Flo Windey spotted on a De Lijn bus in Tunisia: how do those buses end up abroad?,Flo Windey spot bus van De Lijn in Tunesië: hoe komen die bussen in het buitenland terecht?,7e470c8a9730258e8c7a79e1d5aeb2ef0913a523
Y,0,8,8,7,7,,,el,EL,ERT (ertnews),Ukraine: strong explosions in Kyiv after warning of a Russian missile attack,Ουκρανία: Ισχυρές εκρήξεις στο Κίεβο μετά την προειδοποίηση για ρωσική πυραυλική επίθεση,b88123ba722bf5bff7110466295f3cf0d475065b
Y,0,8,8,7,6,,,el,EL,η ναυτεμπορικη (via Google News),"French debt is weighing on the euro: currency sinks, flight to the dollar","Το γαλλικό χρέος «πνίγει» το ευρώ: Βυθίζεται το νόμισμα, φυγή στο δολάριο",b599cb7dc0a5a280bc46af93939147a9955257a9
Y,0,6,6,5,4,,,lt,LT,tv3.lt (via Google News),Katelynas: army to be used to protect the Lithuanian border with Kaliningrad,Katelynas: Lietuvos pasienio su Kaliningradu apsaugai pasitelkiama kariuomenė,40900c6572ab07f430e01c0675985be3ead917e6
Y,0,3,3,3,2,,,nl,NL,Eindhovens Dagblad (via Google News),Dutch teacher jailed for cross-border contact with a minor pupil; school in Valkenswaard received more reports,OM wilde docent in de cel voor grensoverschrijdend contact met minderjarige leerling; school uit Valkenswaard kreeg meer meldingen,e62f32c7615decfbef16504c826757095cedb68a
Y,0,7,7,5,6,,,fr,FR,Le Monde.fr (via Google News),"LIVE: High school student protests. Sébastien Lecornu announces ""five projects."" Investigation opened for ""intentional violence"" in Marseille after a 17-year-old was injured in the head.","EN DIRECT, mobilisation lycéenne : Sébastien Lecornu annonce « cinq chantiers » ; enquête ouverte pour « violences volontaires » à Marseille après qu’un jeune de 17 ans a été blessé à la tête",e921985c3dfdb855465b16b169ea9725506b58ca
Y,0,3,3,2,2,,,de,AT,MeinBezirk.at (via Google News),Clear procedures: new deployment plan strengthens protective forest after storms and natural hazards.,Klare Abläufe: Neuer Einsatzplan stärkt Schutzwald nach Sturm und Naturgefahren,161bdf6ca628b1acfd53ce4220d9cdb2c08682d2
Y,0,3,3,3,3,,,sk,SK,Pravda (via Google News),"Does artificial intelligence set the prices of burgers and fries? McDonald's faces a lawsuit, which it denies.","Určuje umelá inteligencia ceny burgerov a hranoliek? McDonald’s čelí žalobe, obvinenia odmieta",4c7f789f0af5459a2f0c3e28a6d508d63aff800d
Y,0,3,3,2,2,,,nl,BE,VRT NWS (NL),Schaarbeek library shows the impact of a 30 percent budget cut with a thinned-out collection.,Bibliotheek Schaarbeek toont impact van 30 procent besparing met afgespannen collectie,cd3699896636f37704499585d5727f7968954be7
Y,0,6,6,5,4,,,el,EL,Newsbeast (via Google News),"Kyriakos Mitsotakis at the Greek Industrial Federation (SEV) general assembly: ""95 million euro electricity subsidy for cement, food, paper and plastics.""","Κυριάκος Μητσοτάκης στη Γενική Συνέλευση του ΣΕΒ: «Επιδότηση ρεύματος 95 εκατ. ευρώ σε τσιμέντα, τρόφιμα, χαρτικά και πλαστικά",84551bec99fad5dfeb7b4fd87709412d50c7c3ea
Y,0,3,3,4,4,,,sk,SK,Pravda (via Google News),"He wounded nine people with a machete at a school, but he also had an explosive in his backpack that nearly detonated.","Mačetou zranil v škole deväť ľudí. V batohu však mal aj výbušninu, ktorá takmer explodovala - Svet - Správy",416a291b7c4d73cc770788d44ea75d44a08514c0
Y,0,6,6,6,5,,,de,DE,RP Online (via Google News),"Department store group Galeria files two more insolvency applications, affecting about 2,000 employees.",Warenhaus-Konzern: Galeria stellt zwei weitere Insolvenzanträge – rund 2000 Beschäftigte betroffen,65aa649886d6d4d0916d934c26253e653f398ce2
Y,0,5,5,3,4,,,bg,BG,BNT,"The frigate ""Verni"" inspected the ship ""Able"" ahead of an upcoming operation.",Фрегатата „Верни“ извърши оглед на кораба „Ейбъл“ преди предстояща операция,b66082809a64744d37786f07b636f9f6cafee8ba
Y,0,5,5,4,3,,,el,EL,ERT (ertnews),"Greek General Confederation of Labour launches a nationwide campaign against high prices, poverty and growing inequality.","ΓΣΕΕ: Πανεθνική πρωτοβουλία ενάντια στην ακρίβεια, την φτώχεια και την γιγάντωση των ανισοτήτων",66d6e38d0b6ea919ebc104595fc4f38c9a12d64a
Y,0,6,6,5,4,,,et,EE,Majandus (via Google News),The climate ministry withdrew at the last minute a draft law that would have turned the electricity market upside down.,"Kliimaministeerium võttis viimasel hetkel tagasi seaduseelnõu, mis oleks elektrituru pea peale pööranud",9a9f4d9def14b471d735344bb13f8aea01acbbe2
Y,0,1,1,1,1,,,cs,CZ,Žena.cz (via Google News),Diana Kobzanová talks about reconciling with Miloš Zapletal. After 25 years she learned why she won the beauty pageant back then.,"Diana Kobzanová promluvila o usmíření s Milošem Zapletalem. Po 25 letech zjistila, proč tehdy vyhrála Miss",a0d0e44369c8f368c8f1ead86ab9697b09598d52
Y,0,5,5,3,3,,,sl,SI,RTV SLO (MMC),"Government decisions: measuring alcohol intoxication, millions for Kanin, conditions in prisons, and more.","Odločitve vlade: merjenje alkoholiziranosti, milijoni za Kanin, razmere v zaporih ...",701e83daff2679f24cca90a2c096bc4c5f266f6c
Y,0,1,1,3,2,,,es,ES,MARCA (via Google News),Real Madrid must stop its first European crisis,"El Real Madrid, obligado a espantar su primera crisis europea",fd9a8e89fc3143e8db97a6287a42ff7ead1663db
Y,0,4,4,3,3,,,sl,SI,24ur.com (via Google News),"Bonds, gold and shares tell different stories. Whom should we believe?","Delnice, obveznice in zlato pripovedujejo različne zgodbe. Komu verjeti?",def479f4dfc8467e2c259a863b05e41394c14e80
Y,0,3,3,1,2,,,et,EE,RingFM (via Google News),Tartu participatory budget vote lasts two more days,Tartu kaasava eelarve hääletus kestab veel kaks päeva,eea7f266daca405d97e76c7ae462b3cfbab87436
Y,0,1,1,1,1,,,fi,FI,HS.fi (via Google News),Ice hockey | Jokerit's Patrick Curry is HIFK's red rag; American forward celebrates in local derby,"Jääkiekko | Jokerien Patrick Curry on HIFK:n punainen vaate, amerikkalaishyökkääjä juhli paikallisottelussa",bc44276934afeca56e9b5b3ccdcae20f07e1e601
Y,0,4,4,3,2,,,en,GB,BBC News,Hedgehog among four animals chosen to appear on new banknotes,Hedgehog among four chosen animals to feature on new banknotes,39f96942b2a2c74c8d5e83e0b6e0a031287f4a66
Y,0,6,6,7,6,,,el,EL,In.gr (via Google News),"Saudi Arabia: three dead after attacks on its airports, including one in Riyadh","Σαουδική Αραβία: Τρεις θάνατοι μετά τις επιθέσεις κατά αεροδρομίων της, συμπεριλαμβανομένου αυτού στο Ριάντ",cc0f7615ffea8401764bc1d04434cec5deccbea8
Y,0,6,6,5,4,,,fr,FR,20 Minutes (via Google News),"Accused of ""treason,"" the Governor of the Banque de France responds","Accusé de « trahison », le gouverneur de la Banque de France répond",504b965e1888780e91972dcdcef007b0edba7b6a
Y,0,5,5,3,3,,,cs,CZ,Ceska televize (CT24),Metnar: The electoral system won't change just because Pavel planned a vacation,"Metnar: Volební systém se nebude měnit proto, že si Pavel naplánoval dovolenou",975a8bb4eef4eab4785e81e60a53d670f8f5c824
Y,0,1,1,2,1,,,nl,NL,RacingNews365 (via Google News),New thunderstorms put the F1 Singapore GP on alert,Nieuwe onweersbuien zetten F1 GP Singapore op scherp,d667dbdc4199db226054564bcd90a805fd105e3f
Y,0,1,1,1,1,,,ro,RO,Libertatea (via Google News),"Ema Viziru speaks bluntly after being eliminated from MasterChef: ""Some people I don't want to see even in photos anymore""","Ema Viziru, declarații tranșante după eliminarea de la MasterChef: „Pe unii nu vreau să-i mai văd nici în poze”",0fbe26dd5b557a4f5b59657d35dc0820397db720
Y,0,2,2,1,1,,,lv,LV,Diena (via Google News),"Linda Olte's feature film ""Child"" will have its world premiere at the Warsaw festival",Lindas Oltes spēlfilma Bērns piedzīvos pasaules pirmizrādi Varšavas festivālā,510fdb86064c9bd1c7900d5ea6b2ca67723890c6
Y,0,1,1,2,2,,,pl,PL,Eurosport Polska (via Google News),"Ronaldo broke his silence. ""Sorry, but...""","Ronaldo przerwał milczenie. ""Przepraszam, ale...""",0908b486b3bc3c85c121f7efda41cea2c6874cae
Y,0,1,1,1,2,,,sl,SI,rtvslo.si (via Google News),Herkovič close to medal fights; Agbegnenou eliminated Kaja Kajzer Žabkar,Herkovič blizu bojev za medalje; Agbegnenou izločila Kajo Kajzer Žabkar,5b9e820235384e458657ed317cf9ed768959610f
Y,0,5,5,3,2,,,en,NL,De Nederlandsche Bank,Peter Blom to temporarily step down from DNB Supervisory Board,Peter Blom to temporarily step down as DNB Supervisory Board member,3294c247aacb0325d20b175764debf4b686a67c2
Y,0,4,4,2,2,,,lv,LV,LSM (LV),"LAU Infra group does not promise a 7% dividend next year, but wants to become a 100-million-euro company","«LAU Infra grupa» 7 % dividendēs nākamgad nesola, bet grib būt 100 miljonu uzņēmums",1cc51bbe341c4de204b2e7dbde74771f8125aa67
Y,0,5,5,3,2,,,en,NL,De Nederlandsche Bank,Trust in financial institutions remains stable,Trust in financial institutions stable,3464aef2e83e47e832d3e0333eb690eb52ce1809
Y,0,1,1,3,3,,,pt,PT,Público (via Google News),"Tears, a goal and the end of an era: Messi's farewell in pictures","Lágrimas, um golo e o fim de uma era: a despedida de Messi em imagens",0a1486ad7749b3ffec849162f348354f64fe41ed
Y,0,7,7,6,4,,,fr,FR,France Televisions (franceinfo),"""It's a commitment: electricity prices will not rise this winter,"" says Maud Bregeon","""C'est un engagement, le prix de l'électricité n'augmentera pas cet hiver"", affirme Maud Bregeon",02f4bcc0eda502c9753dc4ac7f19614faa7fb20f
Y,0,0,0,0,0,,,lt,LT,Vakarų ekspresas (via Google News),"Tarot horoscope for October 7: Pisces – take a break, Sagittarius – listen to your intuition","Taro kortų horoskopas spalio 7 dienai: Žuvims – pauzė, Šauliams – įsiklausyti į intuiciją",d8546b2ff56fb4ba928dd48d20d90bb589ccbda7
Y,0,1,1,0,1,,,sk,SK,Topky (via Google News),What was whispered only in VIP clubs: Richard Gere and Sylvester Stallone almost fought over Diana's favor!,O čom sa šepkalo len vo VIP kluboch: Richard Gere a Sylvester Stallone sa takmer POBILI o priazeň Diany!,e15552b14b5eec1da58ae4b1598036fb301932c6
Y,0,1,1,1,1,,,fi,FI,Ilta-Sanomat (via Google News),"Anne Ramsay suspected Antti Luusuaniemi of love bombing – ""It was hard for me to believe""",Anne Ramsay epäili Antti Luusuaniemeä love bombauksesta – ”Minun oli vaikea uskoa”,efe31ce51101161b8ff850278bef31bd7d4502c1
Y,0,3,3,2,3,,,en,CY,Cyprus Inform (via Google News),Maccabi Tel Aviv to play home Euroleague games in Limassol,Maccabi Tel Aviv to play home Euroleague matches in Limassol,06d8e1905b172c6444413787068f50a230c3b183
Y,0,4,4,3,3,,,en,IE,The Irish Times (via Google News),"""I still miss my little girl every day"": families remember the Creeslough victims on the fourth anniversary",‘I still miss my wee girl every day’: Families remember Creeslough victims on fourth anniversary,6199b85e04a97c7628efc3df5e14fe6c4d1a5177
Y,0,5,5,4,4,,,hu,HU,| hvg.hu (via Google News),An elderly woman died whose eviction sparked housing protests across Spain,"Meghalt az idős nő, akinek kilakoltatása lakhatási tüntetéseket robbantott ki Spanyolország-szerte",810e305e180cde81ec66ef8cfd2062d7f663a8f3
Y,0,3,3,1,2,,,pl,PL,WP Kobieta (via Google News),"He is a teacher. He showed a bank transfer. ""For one hour of overtime""","Jest nauczycielem. Pokazał przelew. ""Za jedną nadgodzinę""",4f4c577a19727d3bc27d9b28c592f853974da70b
Y,0,6,6,4,4,,,fr,FR,Le Monde.fr (via Google News),Long-term conditions cost the French health insurance system nearly 20 billion euros in 2025,Les affections longue durée ont coûté près de 20 milliards d’euros à l’Assurance-maladie en 2025,edabd832377deeebbef6dc39f735ee4e985879c3
Y,0,4,4,2,2,,,de,AT,ORF news,Regional disparities in childcare provision,Regionales Gefälle im Betreuungsangebot,75c8c716e6565f44da0ad5ed6b9c0cbb6d9b018c
Y,0,6,6,4,3,,,bg,BG,BNT,The prime minister urges: the Security Council should not turn into a stage for election demagoguery,Премиерът призова: КСНС да не се превръща в сцена на предизборна демагогия,332670038b620288c5bf1d8ce4675f8a94ad3a0b
Y,0,6,6,4,5,,,fr,FR,Libération (via Google News),"High school student movement: 3,000 teachers to help struggling schools ""in the coming hours"", announces Edouard Geffray","Mouvement lycéen : 3 000 professeurs à la rescousse des établissements en difficulté «dans les prochaines heures», annonce Edouard Geffray",3acf80b3da7e6cbdeb813b4e2ce0fa08fec45579
Y,0,6,6,5,5,,,pl,PL,TVN24 (via Google News),Blocking illegal content online. Sejm passes the law,Blokowanie nielegalnych treści w internecie. Sejm uchwalił ustawę,5c8de3cf3dc2a0c597fff9afa389c8b7981eef12
Y,0,5,5,3,3,,,lv,LV,LSM (LV),"More time needed – Saeima lifts urgency of the so-called ""Netflix"" tax law",Vajag vairāk laika – Saeima atceļ steidzamību tā saucamā «Netflix» nodokļa likumam,1da18c8bf504c03a6d11730716929403bd2f38dd
Y,0,1,1,2,3,,,ro,RO,HotNews.ro (via Google News),"Astronomers discover a ""phoenix planet"" in a system marked by a cosmic cataclysm",Astronomii au descoperit o „planetă phoenix” într-un sistem marcat de un cataclism cosmic,f611e2980be0fa2fa941263770d35dce316a0023
Y,0,1,1,1,1,,,sv,SE,Omni – Alla nyheter. Alla perspektiv. (via Google News),"P3 profile David Druid is confirmed for ""The Traitors""",P3-profilen David Druid är klar för ”Förrädarna”,68477b2d2a91da097d1819f9446f864faf758cb9
Y,0,7,7,5,5,,,el,EL,ERT (ertnews),"Live – Mitsotakis: ""Our relations are at the highest level of all time"" – Rubio: ""Greece is a strong partner""",Live – Μητσοτάκης: «Στο υψηλότερο επίπεδο όλων των εποχών οι σχέσεις μας» – Ρούμπιο: «Ισχυρός εταίρος η Ελλάδα»,29e44b62bb28d8a5e0680ed2ba7562e4d5b49830
Y,0,7,7,6,6,,,ro,RO,Stirile ProTV (via Google News),Energy ministry official: We must prepare for a winter with very high electricity prices,Secretar de stat în Ministerul Energiei: „Trebuie să ne pregătim de o iarnă cu preţuri foarte mari la electricitate”,3b1d5fa68e3f82024efb950bfc13c28786b3d302
Y,0,1,1,2,1,,,en,IE,RTE,"Ward brushes off contract talk, saying he is 'obsessed' with the upcoming play-off",'Obsessed' Ward bats away contract talk ahead of play-off,8b004fbb716a799a49fb760947711cc1f6e610c9
Y,0,8,8,6,6,,,cs,CZ,Cesky rozhlas (iROZHLAS),"Moscow says sending more NATO troops to the Baltics would be an escalation, but praises a Slovak monument","ONLINE: Další vyslání vojsk NATO do Pobaltí by byla eskalace, řekla Moskva. Chválí ale slovenský pomník",0d798fd9f4b4d02d9800825ca791c09b83e2714d
Y,0,9,9,9,7,,,it,IT,Corriere della Sera (via Google News),"Russia-Ukraine war, live news: New wave of attacks on Kyiv and Dnipro. Trump: 'I will soon call Putin about the plague alarm'","Guerra Ucraina-Russia, le notizie in diretta | Nuova ondata di attacchi su Kiev e Dnipro. Trump: «Presto chiamerò Putin sull'allarme peste»",3a3ab6e7c74f615241874dd8421704f99c6dfe6b
Y,0,1,1,5,3,,,it,IT,Corriere della Sera (via Google News),"Christa Pike, the woman who survived two lethal injections, has regained consciousness and is speaking; her lawyers say she is still receiving care","Christa Pike, la donna sopravvissuta a due iniezioni letali, ha ripreso conoscenza e parla. I legali: «Continua a ricevere cure»",78a958e56cf4402a0a51557dc8d28d4a9fe59e1e
Y,0,3,3,3,3,,,cs,CZ,Ceska televize (CT24),"Husinec dam is the first in the Czech Republic to be empty, as it begins releasing only the inflow","Husinecká přehrada je jako první v Česku prázdná, začala vypouštět jen přítok",945e2db3269125752a1610d90ab6ca475bf3d33a
Y,0,1,1,3,2,,,de,DE,WELT (via Google News),Germany's under-21 team beats Georgia in front of a big crowd and books its European Championship ticket,Sieg gegen Georgien: Deutsche U21 löst vor großer Kulisse das EM-Ticket,7d09dd7ca4aa02fc638f86dece1dfe39255c3da9
Y,0,7,7,6,5,,,,DE,"Deutsche Welle (EN, Europe)",Spain's parliament rejects housing bill as protests continue,Spain's parliament rejects housing bill as protests continue,1a41d62720839f9a22e795b76086ca11b16281f4
Y,0,1,1,2,2,,,es,ES,DAZN (via Google News),"Luka Modrić on facing Leo Messi: ""It was a pleasure to watch him play, though I suffered a lot against him...""","Luka Modrić y la realidad de enfrentarse a Leo Messi: ""Ha sido un placer verlo jugar, aunque he sufrido mucho contra él...""",085af477e6d6cbe95b888d053e932c00cf676447
Y,0,2,2,3,1,,,nl,BE,HLN (via Google News),"Kitty (45) seeks others with Cowden syndrome: ""Survived six cancers and there will surely be more""",Kitty (45) zoekt lotgenoten met het Cowden-syndroom: “Al zes kankers overleefd en er komen er ongetwijfeld nog”,c385b8530ec1cb98e6ca719edf5aa940489577d9
Y,0,2,2,2,1,,,fi,FI,Satakunnan Kansa (via Google News),Film review: a film about a madhouse on an island of Seili is a masterpiece of its actors' performances,Elokuva-arvio | Seilin saaren mielisairaalasta kertova elokuva on näyttelijöidensä mestarinnäyte,7b8a5093a939e132eb65e6775040515f9197affe
Y,0,1,1,2,1,,,de,DE,ZDFheute,Football talent Lisa Baum: from London to the fast lane,Fußball-Talent Lisa Baum: Über London auf die Überholspur,f7b328acc90aa04a09026cea2616338bb8b004aa
Y,0,1,1,1,1,,,lt,LT,Delfi (via Google News),"""Son from Poland"": Grigonis jokes about Žalgiris's upcoming opponent",„Sūnus iš Lenkijos“: Grigonis juokavo apie būsimą „Žalgirio“ oponentą,7b9ea6bf06fe5fd331b30572ee32709ee92c2bae
Y,0,1,1,1,1,,,nl,BE,VRT NWS (NL),"Beerschot sets up Running Club to get supporters moving together: ""No weight-loss program""","Beerschot richt Running Club op om supporters samen te laten bewegen: ""Geen afslankprogramma""",ce475db270730a9008d0141a0e813271b7332bcc
Y,0,3,3,2,2,,,en,—,Euronews,Milan looks East: Chinese fashion takes centre stage for traditional craftwork,Milan looks East: Chinese fashion takes centre stage for traditional craftwork,5c5c383bf2657b65f3751dbcccf1d914794c7c60
Y,0,6,6,5,5,,,sl,SI,Dnevnik (via Google News),"Abolishing the RTV fee: bill in the trash, public television in politicians' hands?","Ukinitev RTV-prispevka: Položnica v koš, javna televizija v roke politike?",17dda6fe853eee365e2f69fcdf6cd29f54d3c775
Y,0,1,1,2,1,,,lt,LT,BasketNews.lt (via Google News),"After Milašius's departure, Žalgiris backs another candidate",Po Milašiaus pasitraukimo – „Žalgirio“ parama kitam kandidatui,9dcf54dabc6f9814bf4e7be876329433aaa5a4f4
